{"scale": {"value": [[0.0758491042088841], [0.07798995919915973], [0.030991469696202867], [0.06173260695777654], [0.07920117176793955], [0.08057961985541337], [0.06564225888866829], [0.06048374853839286], [0.07637811551257065], [0.07882809631806252], [0.076647014611098], [0.08219275504371809], [0.08249101781825138], [0.07581955836371711], [0.07033382607811896], [0.07799407538253694], [0.06829891114555668], [0.03320539723216522]], "bounds": [0.0, Infinity], "fixed": false, "error": [0.0005049171135943771, 0.0005123031037484753, 0.0003219845112704286, 0.00045927654508979226, 0.0005246753553316482, 0.0005301393371905165, 0.0004750227615934749, 0.00045532932348445876, 0.0005151584662862955, 0.000523951806871147, 0.0005160770038815424, 0.000536678326290429, 0.0005377846127922204, 0.0005139043497449538, 0.0004931454921972936, 0.0005224185242891828, 0.0004881614864986245, 0.00033492764700350145]}, "frac": {"value": [[0.8273488789090324], [0.7850442029003917], [0.7447737584441637], [0.7299039585303108], [0.7637664914279955], [0.8203130733964111], [0.8140715211539863], [0.8309203169179565], [0.8377706941268916], [0.8533234751705797], [0.8448314542492573], [0.8583056888780058], [0.8572709409500509], [0.8611975773963934], [0.8767047342811081], [0.8431041761852746], [0.8515164120545803], [0.8138228555952326]], "bounds": [0.0, 1.0], "fixed": false, "error": [0.006229836592841893, 0.006769125082145135, 0.012155737083656963, 0.008760608959547517, 0.00715140441388105, 0.006131254483982089, 0.006951533527228311, 0.006937402504957816, 0.006072299322657644, 0.005624610317457424, 0.0058795287508513865, 0.005502498941261107, 0.005476316638659694, 0.00569720970305869, 0.005352172399166048, 0.005905136089656272, 0.006113957665869598, 0.00999491262374725]}, "width": {"value": [[0.4999414899345595], [0.45008761438258243], [0.3675705691297817], [0.37546302196093573], [0.3766517361933999], [0.373245435924437], [0.3639356670773039], [0.3674801823898952], [0.3718600660349979], [0.373676493296839], [0.37445304113112077], [0.370518111358401], [0.3720254099579569], [0.37483713204740043], [0.37855856947451405], [0.3750036529334374], [0.37496318969639114], [0.3656408009497929]], "bounds": [0.0, Infinity], "fixed": false, "error": [0.0032106074146731212, 0.002980502194906269, 0.004063454724240079, 0.003029477202655139, 0.002589823797095288, 0.002353368106950086, 0.002542896175399018, 0.0026085279687263607, 0.0023439721691879563, 0.002266778383496581, 0.0023262909661466128, 0.0022002341896934312, 0.0021895010254576216, 0.002289964444858903, 0.002349803166161668, 0.0023287013974766634, 0.0024482518747826693, 0.003604957437528842]}, "center": {"value": [[0.017596925513950267], [0.016441521193777453], [0.01387888979526477], [0.010970852723302723], [0.0039010513520789662], [-0.008686682512483286], [0.0019325132914348136], [0.001862229138060756], [0.0013261359860021029], [0.0052279841870180414], [0.003585372805289369], [-0.0018352362881638154], [0.0012866727962387906], [-0.00554446579847236], [-0.006860034650941629], [0.006208396842763153], [0.011620869111219985], [-0.006372869707616367]], "bounds": [-Infinity, Infinity], "fixed": false, "error": [0.0030864137736008068, 0.0027985044249810194, 0.0037029038708790672, 0.002725574920138878, 0.0023845831003397274, 0.0022818077828413224, 0.002458842986494257, 0.0025630483531661496, 0.002307127929003512, 0.0022653918668566276, 0.0023132206284172323, 0.0021950939516464265, 0.00220480098293401, 0.0023078030090754585, 0.0023887338497415923, 0.002297780661802977, 0.0024434908791044403, 0.0034500920504321386]}}
